Taxa;CS
Lophiomeryx_mouchelini;222.598492
Iberomeryx_minor;82.4591523
Dorcabune_sindiense;303.2148992
Dorcabune_anthracotheroides;438.6636959
Dorcabune_nagrii;434.7373308
Dorcatherium_majus;369.5423361
Dorcatherium_crassum;234.534435
Hyemoschus_aquaticus;178.585036
Moschiola_meminna;110.957988
Tragulus_javanicus;82.2597235
Tragulus_kanchil;82.2295011
Bachitherium_curtum;148.01244
Antilocapra_americana;293.394065
Bedenomeryx_paulhiacensis;231.942672
Bedenomeryx_milloquensis;213.005834
Oriomeryx_major;378.683559
Palaeomeryx_eminens;542.909943
Palaeomeryx_kaupi;349.790423
Ampelomeryx_magnum;489.619686
Bohlinia_attica;863.27299
Giraffa_camelopardalis;813.824678
Palaeotragus_rouenii;601.644223
Okapia_johnstoni;549.202785
Samotherium_major;852.650594
Helladotherium_duvernoyi;866.374388
Sivatherium_giganteum;943.682314
Procervulus_sp;254.369103
Heteroprox_larteti;246.226427
Dicroceros_elegans;274.078951
Procapreolus_loczyi;276.630625
Croizetoceros_ramosus;340.458141
Rangifer_tarandus;390.134344
Mazama_americana;240.672102
Alces_alces;608.832919
Capreolus_capreolus;231.855433
Hydropotes_inermis;216.126255
Euprox_furcatus;256.929437
Euprox_dicranocerus;275.591336
Cervus_ruscinensis;271.95562
Elaphodus_cephalophus;226.795655
Muntiacus_muntjak;215.847865
Axis_axis;346.659392
Metacervoceros_rhenanus;360.335927
Megaloceros_giganteus;684.918503
Praesinomegaceros_obscurus;642.716179
Dama_dama;288.867946
Elaphurus_davidianus;467.706216
Rusa_unicolor;421.735615
Eucladoceros_ctenoides;446.245338
Cervus_nippon;388.649248
Cervus_elaphus;471.028252
Micromeryx_eiselei;142.269364
Micromeryx_azanzae;122.040343
Micromeryx_flourensianus;122.298546
Moschidae_nov_gen_nov_sp;155.807275
Hispanomeryx_daamsi;131.811755
Hispanomeryx_duriensis;152.094884
Moschus_moschiferus;189.870609
Miotragoceros_pannoniae;354.098288
Tetracerus_quadricornis;212.274227
Taurotragus_oryx;698.841283
Tragelaphus_imberbis;380.690683
Tragelaphus_spekeii;318.465481
Tragoceros_sp;394.148981
Bubalus_depressicornis;361.409031
Syncerus_caffer;717.838414
Leptobos_etruscus;587.972594
Leptobos_elatus;587.043239
Bison_bison;644.863599
Bison_bonasus;674.479679
Bos_primigenius;729.509555
Bos_taurus;525.107989
Aepyceros_melampus;298.70114
Turritragus_casteanensis;118.219889
Tyrrhenotragus_gracilimus;133.242089
Procapra_gutturosa;231.875605
Madoqua_kirkii;134.316696
Saiga_tatarica;234.776661
Antidorcas_marsupialis;255.335732
Antilope_cervicapra;236.597068
Nanger_dama;281.016848
Gazella_sp;221.174211
Gazella_dorcas;185.239001
Oreotragus_oreotragus;185.832168
Cephalophus_sylvicultor;327.891483
Sylvicapra_grimmia;210.523082
Bovidae_indet.;218.96732
Gazella_brevicornis;190.055738
Kobus_leche;367.107025
Maremmia_lorenzi;274.79358
Connochaetes_gnu;408.4522
Damaliscus_pygargus;236.038384
Palaeoryx_cordieri;528.67756
Hippotragus_niger;443.800406
Addax_nasomaculatus;370.663753
Oryx_leucoryx;372.576637
Oryx_beisa;378.683559
Nesogoral_sp;350.512264
Ovibos_moschatus;455.285303
Ovis_dalli;283.541959
Ovis_orientalis;242.028039
Ammotragus_lervia;297.010587
Rupicapra_rupicapra;263.886476
Oreamnos_montanus;344.925406
Hemitragus_jemlahicus;310.061319
Capra_falconeri;283.230345
Capra_sibirica;289.303493
Capra_ibex;292.703801
Capra_aegagrus;228.120702
