"","V1"
"Addax_nasomaculatus",0.00942135186890048
"Aepyceros_melampus",-0.0244577349447392
"Alces_alces",0.0127383964553816
"Ammotragus_lervia",0.0181020281472667
"Ampelomeryx_magnum",-0.000479190694509645
"Antidorcas_marsupialis",0.0188347995559678
"Antilope_cervicapra",0.00420107825160136
"Axis_axis",-0.0028118749479774
"Bachitherium_curtum",-0.0510195364273601
"Bedenomeryx_milloquensis",-0.0291384315187603
"Bedenomeryx_paulhiacensis",-0.00333970781068357
"Bison_bison",0.0427416783846186
"Bison_bonasus",0.0520429946562021
"Bohlinia_attica",0.0556355390310678
"Bos_primigenius",0.034038604755275
"Bos_taurus",0.0304179499722111
"Bovidae_indet.",-0.0306971994900809
"Bubalus_depressicornis",0.0217033898057673
"Capra_aegagrus",0.0149169270082966
"Capra_falconeri",0.0287156218272476
"Capra_ibex",0.0256040384533908
"Capra_sibirica",0.000326913039315078
"Capreolus_capreolus",-0.00181889465645202
"Cephalophus_sylvicultor",-0.00287951843083511
"Cervus_elaphus",-0.00453392919503219
"Cervus_nippon",-0.00205214104594775
"Cervus_ruscinensis",0.023975709745545
"Connochaetes_gnu",0.00736790157671059
"Croizetoceros_ramosus",0.00169867702608186
"Dama_dama",0.0184408637885152
"Damaliscus_pygargus",0.00800473253147421
"Dicroceros_elegans",0.00528572010428998
"Dorcabune_anthracotheroides",-0.044847943211869
"Dorcabune_nagrii",-0.0654596990887052
"Dorcabune_sindiense",-0.0567326978575743
"Dorcatherium_crassum",-0.043454854977758
"Dorcatherium_majus",-0.0357838134087328
"Elaphodus_cephalophus",-0.0239141900841165
"Elaphurus_davidianus",0.0279166440970858
"Eucladoceros_ctenoides",0.0095840120055387
"Euprox_dicranocerus",-0.0140875295646463
"Euprox_furcatus",-0.0117086418531333
"Gazella_brevicornis",-0.0333113391084067
"Gazella_dorcas",-0.00439038203613933
"Gazella_sp",-0.0257933740231101
"Giraffa_camelopardalis",0.0784639830796988
"Helladotherium_duvernoyi",0.0583286484113642
"Hemitragus_jemlahicus",0.019480828944852
"Heteroprox_larteti",0.00672843052210004
"Hippotragus_niger",0.0292020948681299
"Hispanomeryx_daamsi",-0.0279485481838755
"Hispanomeryx_duriensis",-0.0157121243906771
"Hydropotes_inermis",0.00238898414681733
"Hyemoschus_aquaticus",-0.0143036700393049
"Iberomeryx_minor",-0.06533540885963
"Kobus_leche",-0.00477242261474457
"Leptobos_elatus",0.0308485368894727
"Leptobos_etruscus",0.0380386056027176
"Lophiomeryx_mouchelini",-0.0619408865200214
"Madoqua_kirkii",-0.047097430717871
"Maremmia_lorenzi",-0.00737715878543303
"Mazama_americana",0.00911215320675806
"Megaloceros_giganteus",0.0415531571129055
"Metacervoceros_rhenanus",0.01132008252951
"Micromeryx_azanzae",-0.0358276110132801
"Micromeryx_eiselei",-0.008100263985383
"Micromeryx_flourensianus",-0.020294362920519
"Miotragoceros_pannoniae",-0.00200322347605572
"Moschidae_nov_gen_nov_sp",-0.0312012767672983
"Moschiola_meminna",-0.051742512925409
"Moschus_moschiferus",-0.0187566090594927
"Muntiacus_muntjak",-0.0191432025342972
"Nanger_dama",-0.0130075860851013
"Nesogoral_sp",0.0152124634538299
"Okapia_johnstoni",0.0544079272729354
"Oreamnos_montanus",0.024680271654029
"Oreotragus_oreotragus",-0.000223083995279771
"Oriomeryx_major",-0.0275977100855551
"Oryx_beisa",0.0155684583177791
"Oryx_leucoryx",0.0264067734906914
"Ovibos_moschatus",0.043463463902386
"Ovis_dalli",0.00354261585163399
"Ovis_orientalis",-0.00725077832330971
"Palaeomeryx_eminens",0.0388074548782016
"Palaeomeryx_kaupi",-0.00486936989245478
"Palaeoryx_cordieri",0.00378678372546473
"Palaeotragus_rouenii",0.0497312540646775
"Praesinomegaceros_obscurus",0.0141739850629686
"Procapra_gutturosa",-0.015248399396179
"Procapreolus_loczyi",-0.0123149366088224
"Procervulus_sp",-0.0034753863169149
"Rangifer_tarandus",0.00700693480904206
"Rupicapra_rupicapra",-0.0122045129989796
"Rusa_unicolor",-0.000205057131810433
"Saiga_tatarica",-0.00218900397880804
"Samotherium_major",0.0539305956451342
"Sivatherium_giganteum",0.0618975462721552
"Sylvicapra_grimmia",-0.00971454538985217
"Syncerus_caffer",0.0578643694025848
"Taurotragus_oryx",0.0446110917613812
"Tetracerus_quadricornis",-0.0210920678169945
"Tragelaphus_imberbis",-0.0257580582669465
"Tragelaphus_spekeii",0.000638658647050562
"Tragoceros_sp",-0.0158690529818861
"Tragulus_javanicus",-0.0443864290230961
"Tragulus_kanchil",-0.0569447210287522
"Turritragus_casteanensis",-0.03153771799768
"Tyrrhenotragus_gracilimus",-0.0647539711257377
