Id;Clade;RegScorePooled
ADAnas_Bo_L_MOD_NMB_5462;Bovidae;0.017570846
AEPmel_Bo_L_MOD_NMB_10857;Bovidae;-0.029524606
ALCalc_Ce_L_BBR_NMB_A322;Cervidae;0.010629263
Ammotragus_lervia_L_NMB_3608;Bovidae;0.020317143
AMPmag_Pa_L_SAN_NMB_Ss152;Giraffomorpha;-0.013932139
ANTcer_Bo_L_MOD_NMB_5358;Bovidae;0.003435663
ANTmar_Bo_R_MOD_NMB_10853_R;Bovidae;0.027792499
AXIaxi_Ce_L_MOD_NMB_3718;Cervidae;-0.012776572
BACcur_Tr_L_MAR_NMB_Mar739;Tragulina;-0.062636489
BEDmil_Gi_L_LMQ_NMB_Lm670;Giraffomorpha;-0.035624848
BEDpau_Gi_L_PAU_NMB_Pa682;Giraffomorpha;-0.005123551
BISbis_Bo_L_MOD_NMB_2156;Bovidae;0.036262137
BISbon_Bo_L_MOD_NHMBe_1014231;Bovidae;0.064690304
Bohlinia_attica_sin_NHMBe_D8649;Giraffomorpha;0.08051739
BOSprim_Bo_L_BBR_NMB_A324a;Bovidae;0.042351707
BOStau_Bo_L_PFA_NMB_A197C;Bovidae;0.041020068
BOVind_Bo_R_POL_NMB_TO663_R;Bovidae;-0.033679956
BUBdep_Bo_R_MOD_NMB_3001_R;Bovidae;0.022387015
CAPaeg_Bo_L_MOD_SMNS_38774;Bovidae;0.015790731
CAPcap_Ce_L_MOD_NMB_38183;Cervidae;-0.001991578
CAPfal_Bo_R_MOD_NHMBe_1023027_R;Bovidae;0.045436462
CAPibe_Bo_L_MOD_NMB_3893;Bovidae;0.033945765
CAPsib_Bo_L_MOD_ZFMK_1983_131_R;Bovidae;0.003873683
CEPsyl_Bo_L_MOD_NMB_5862;Bovidae;-0.005183994
CERaus_Ce_L_MON_NMB_MP654;Cervidae;0.031023946
CERcing_Ce_L_VIA_NMB_Vt127;Cervidae;0.004573276
CERela_Ce_L_MOD_NMB_3565;Cervidae;0.000225044
CERnip_Ce_L_MOD_NMB_7732;Cervidae;-0.001946448
CONgnu_Bo_L_MOD_NMB_5461;Bovidae;0.013583072
DAMdam_Ce_L_MOD_NHMBe_Nonumb;Cervidae;0.028076722
DAMpyg_Bo_R_MOD_SMNS_43153;Bovidae;0.010284231
DICele_Ce_R_SAN_NMB_6154_R;Cervidae;-0.000331881
DORant_Tr_L_YGSP_32498;Tragulina;-0.054658554
DORcra_Tr_L_SAN_NMB_5258;Tragulina;-0.062620348
DORmaj_Tr_L_YGSP_22032;Tragulina;-0.046024129
DORnag_Tr_L_YGSP_22124;Tragulina;-0.076238933
DORsin_Tr_L_YGSP_17555;Tragulina;-0.070031874
ELAcep_Ce_L_MOD_NMB_2067;Cervidae;-0.036279408
ELAdav_Ce_L_MOD_NHMBe_1022146;Cervidae;0.02901449
EUCcte_Ce_L_SEN_NMB_Se1464;Cervidae;0.01541029
Indet_CAP_NMB-Nonumber;Cervidae;-0.021386337
EUPfur_Ce_R_STE_SMNS_5549_R;Cervidae;-0.02071309
GAZbre_Bo_L_POL_NMB_TO670;Bovidae;-0.036832822
GAZdor_Bo_L_MOD_ZFMK_20160274_R;Bovidae;-0.008463308
GAZsp_Bo_L_SAM_NHMBe_D8656;Bovidae;-0.02386474
GIRcam_Gi_R_MOD_NMB_7958_R;Giraffomorpha;0.086157628
HELduv_Gi_L_SAM_NHMBe_D8654;Giraffomorpha;0.059232388
HEMjem_Bo_L_MOD_NMB_5150;Bovidae;0.034261556
HETlar_Ce_L_STE_SMNS_40404;Cervidae;0.011368346
HIPnig_Bo_R_MOD_ZFMK_2001_0154;Bovidae;0.039830589
HISdaa_Mo_L_TO3_MNCN_2006214;Moschidae;-0.040786286
HISdur_Mo_L_LVF_MNCN_B311136;Moschidae;-0.034904972
HYDine_Ce_R_MOD_NMB_2066_R;Cervidae;0.002256497
HYEaqu_Tr_L_MOD_NMB_1980;Tragulina;-0.023309607
Iberomeryx_minor_NMB_Lovagny_R;Tragulina;-0.077942889
INDind_Mo_L_HAL_NMB_11;Moschidae;-0.047763018
KOBlec_Bo_L_MOD_NMB_8815;Bovidae;0.007113393
LEPela_Bo_R_STV_NMB_StV221_R;Bovidae;0.039138317
LEPetr_Bo_R_SEN_1476_R;Bovidae;0.050404714
LOPmou_Tr_L_MUR_NMB_OV75;Tragulina;-0.072007128
MADkir_Bo_R_MOD_NHMBe_1022623;Bovidae;-0.066023402
MARlor_Bo_L_POV2_NMB_BacSCM0737;Bovidae;-0.00729293
MAZame_Ce_R_MOD_NMB_9262_R;Cervidae;0.017511064
MEGgig_Ce_L_NMBe_nonumb;Cervidae;0.060382232
METrhe_Ce_L_SEN_NMB_1648;Cervidae;0.014862374
MICaza_Mo_L_TO3_MNCN_2006497;Moschidae;-0.055382257
MICeis_Mo_L_STE_SMNS_40010;Moschidae;-0.019358851
MICflo_Mo_L_SAN_MNHN_3227;Moschidae;-0.035961335
MIOpan_Bo_S_CHA_1631929;Bovidae;0.001042095
MOSmem_Tr_L_MOD_NMB_C1429;Tragulina;-0.059078029
MOSmos_Mo_L_MOD_NMB_5733;Moschidae;-0.025330512
MUNmun_Ce_L_MOD_SMNS_1499b;Cervidae;-0.019011225
NANdam_Bo_L_MOD_ZFMK_19901564;Bovidae;-0.006696877
NESsp_Bo_L_CSG_NMB_Tyl1268_R;Bovidae;0.022061847
OKAjoh_Gi_L_MOD_NMB_16329s;Giraffomorpha;0.064736483
OREmon_Bo_L_MOD_NMB_6259;Bovidae;0.019722627
OREore_Bo_L_MOD_NMB_8402;Bovidae;-0.001234232
ORImaj_Gi_L_LAU_NMB_C9_23;Giraffomorpha;-0.036594892
ORYbei_Bo_L_MOD_NHMBe_1022837;Bovidae;0.028245409
ORYleu_Bo_L_MOD_NMB_6405;Bovidae;0.03925633
OVIdal_Bo_L_MOD_ZFMK_1968_108_R;Bovidae;0.002916021
OVImos_Bo_L_MOD_NHMMZ_W_1976_18;Bovidae;0.047430854
OVIori_Bo_L_MOD_ZFMK_83422;Bovidae;0.003705807
PALboj_Pa_R_ART_NMB_S060_R;Giraffomorpha;-0.010069772
PALcor_Bo_L_MTP_NMB_Mp4631931;Bovidae;0.008801826
PALemi_Pa_L_STE_NMB_209;Giraffomorpha;0.040542921
PALrou_Gi_S_SAM_MGL_106853;Giraffomorpha;0.070852797
PRA_Ce_R_VCH_NMB_3071909_R;Cervidae;0.01838681
PROgut_Bo_L_MOD_NMB_10430;Bovidae;-0.01684959
PROsp_Ce_L_BRU_NHMBe_D3392;Cervidae;5.38E-04
PROloc_Ce_L_CIV3_NMB_BacSCM0606;Cervidae;-0.00463481
RANtar_Ce_L_MOD_NMB_3589;Cervidae;0.014554326
RUPrup_Bo_L_MOD_ZFMK_19691020_R;Bovidae;-0.008434771
RUSuni_Bo_L_MOD_NMB_10889;Bovidae;0.003332361
SAItat_Bo_L_MOD_NMB_3575;Bovidae;-0.004013143
SAMmaj_Gi_R_MGL_82781_R;Giraffomorpha;0.077209481
SIVgig_Gi_L_SIW_NHMUK_PV_M_103384;Giraffomorpha;0.088523627
SYLgri_Bo_L_MOD_NMB_6638;Bovidae;-0.012051094
SYNcaf_Bo_L_MOD_NMB_5460;Bovidae;0.067903953
TAUory_Bo_L_MOD_NMB_5509;Bovidae;0.063235
TETqua_Bo_L_MOD_NMB_10364;Bovidae;-0.014582792
TRAimb_Bo_L_MOD_ZFMK_1972_0368_R;Bovidae;-0.020244091
TRAjav_Tr_L_MOD_NMB_3002;Tragulina;-0.042084589
TRAkan_Tr_L_MOD_NMB_6131;Tragulina;-0.053813815
TRAsp_Bo_L_POL_NMB_TO699;Bovidae;-0.016640774
TRAspe_Bo_L_MOD_MNB_6354;Bovidae;0.003614485
BacSCM0671.surf;Bovidae;-0.075526282
BacSCM1188.surf;Bovidae;-0.027333146
