Bovidae;Addax_nasomaculatus;ADAnas_Bo_L_MOD_NMB_5462
Bovidae;Aepyceros_melampus;AEPmel_Bo_L_MOD_NMB_10857
Cervidae;Alces_alces;ALCalc_Ce_L_BBR_NMB_A322
Cervidae;Alces_alces;ALCalc_Ce_L_MOD_NMB_3530
Bovidae;Ammotragus_lervia;AMMler_Bo_L_MOD_NMB_3608_
Giraffomorpha;Ampelomeryx_magnum;AMPmag_Pa_L_SAN_NMB_Ss152
Bovidae;Antilope_cervicapra;ANTcer_Bo_L_MOD_NMB_5358
Bovidae;Antidorcas_marsupialis;ANTmar_Bo_R_MOD_NMB_10853_R
Cervidae;Axis_axis;AXIaxi_Ce_L_MOD_NMB_3718
Cervidae;Axis_axis;AXIaxi_Ce_L_MOD_NMB_7956
Tragulina;Bachitherium_curtum;BACcur_Tr_L_MAR_NMB_Mar739
Tragulina;Bachitherium_curtum;BACcur_Tr_R_MAR_NMB_Mar398_R
Giraffomorpha;Bedenomeryx_milloquensis;BEDmil_Gi_L_LMQ_NMB_Lm670
Giraffomorpha;Bedenomeryx_milloquensis;BEDmil_Gi_L_LMQ_NMB_Lm676
Giraffomorpha;Bedenomeryx_milloquensis;BEDmil_Gi_L_THE_NMB_OG1331
Giraffomorpha;Bedenomeryx_paulhiacensis;BEDpau_Gi_L_PAU_NMB_Pa682
Giraffomorpha;Bedenomeryx_paulhiacensis;BEDpau_Gi_R_PAU_NMB_Pa685_R
Bovidae;Bison_bison;BISbis_Bo_L_MOD_NMB_2156
Bovidae;Bison_bonasus;BISbon_Bo_L_MOD_NHMBe_1014231
Giraffomorpha;Bohlinia_attica;Bohlinia_attica_sin_NHMBe_D8649
Giraffomorpha;Bohlinia_attica;BOHatt_Gi_L_SAM_NHMBe_D8650
Giraffomorpha;Bohlinia_attica;BOHatt_Gi_L_SAM_NHMBe_D8651
Giraffomorpha;Bohlinia_attica;BOHatt_Gi_R_SAM_MHNBe_D8658_R
Giraffomorpha;Bohlinia_attica;BOHatt_Gi_R_SAM_NHMBe_5071_R
Bovidae;Bos_primigenius;BOSprim_Bo_L_BBR_NMB_A324a
Bovidae;Bos_primigenius;BOSprim_Bo_L_BBR_NMB_A324b
Bovidae;Bos_taurus;BOStau_Bo_L_PFA_NMB_A197C
Bovidae;Bos_taurus;BOStau_Bo_L_PFA_NMB_Pf51
Bovidae;Bovidae_indet.;BOVind_Bo_R_POL_NMB_TO663_R
Bovidae;Bovidae_indet.;BOVind_Bo_R_POL_NMB_TO664
Bovidae;Bubalus_depressicornis;BUBdep_Bo_R_MOD_NMB_3001_R
Bovidae;Capra_aegagrus;CAPaeg_Bo_L_MOD_SMNS_38774
Bovidae;Capra_aegagrus;CAPaeg_Bo_R_MOD_SMNS_38621
Cervidae;Capreolus_capreolus;CAPcap_Ce_L_MOD_NMB_38183
Cervidae;Capreolus_capreolus;CAPcap_Ce_R_MOD_NMB_38185_R
Bovidae;Capra_falconeri;CAPfal_Bo_R_MOD_NHMBe_1023027_R
Bovidae;Capra_ibex;CAPibe_Bo_L_MOD_NMB_3893
Bovidae;Capra_ibex;CAPibe_Bo_R_MOD_NMB_3595_R
Bovidae;Capra_sibirica;CAPsib_Bo_L_MOD_ZFMK_1983_131_R
Bovidae;Capra_sibirica;CAPsib_Bo_L_MOD_NMB_1957_201_R
Bovidae;Cephalophus_sylvicultor;CEPsyl_Bo_L_MOD_NMB_5862
Cervidae;Cervus_ruscinensis;CERaus_Ce_L_MON_NMB_MP654
Cervidae;Croizetoceros_ramosus;CERcing_Ce_L_VIA_NMB_Vt127
Cervidae;Cervus_elaphus;CERela_Ce_L_MOD_NMB_3565
Cervidae;Cervus_elaphus;CERela_Ce_L_MOD_NMB_5350
Cervidae;Cervus_elaphus;CERela_Ce_R_MOD_NMB_3565_R
Cervidae;Cervus_nippon;CERnip_Ce_L_MOD_NMB_7732
Cervidae;Croizetoceros_ramosus;CERphi_Ce_L_STV_NMB_StV150
Cervidae;Croizetoceros_ramosus;CERphi_Ce_L_STV_NMB_StV666
Cervidae;Croizetoceros_ramosus;CERsp_Ce_R_VFA_NMB_310D20_R
Bovidae;Connochaetes_gnu;CONgnu_Bo_L_MOD_NMB_5461
Cervidae;Croizetoceros_ramosus;CROram_Ce_L_STV_NMB_StV192
Cervidae;Dama_dama;DAMdam_Ce_L_MOD_NHMBe_Nonumb
Bovidae;Damaliscus_pygargus;DAMpyg_Bo_R_MOD_SMNS_43153
Cervidae;Dicroceros_elegans;DICele_Ce_R_SAN_NMB_6154_R
Cervidae;Dicroceros_elegans;DICele_Ce_R_SAN_NMB_804_R
Cervidae;Dicroceros_elegans;DICele_Ce_R_SAN_NMB_6189_R
Cervidae;Dicroceros_elegans;DICele_Ce_R_SAN_NMB_6203_R
Tragulina;Dorcabune_anthracotheroides;DORant_Tr_L_YGSP_32498
Tragulina;Dorcatherium_crassum;DORcra_Tr_L_SAN_NMB_5258
Tragulina;Dorcatherium_crassum;DORcra_Tr_L_SAN_NMB_5259
Tragulina;Dorcatherium_crassum;DORcra_Tr_R_SAN_NMB_Ss5257_R
Tragulina;Dorcatherium_majus;DORmaj_Tr_L_YGSP_22032
Tragulina;Dorcabune_nagrii;DORnag_Tr_L_YGSP_22124
Tragulina;Dorcabune_sindiense;DORsin_Tr_L_YGSP_17555
Cervidae;Elaphodus_cephalophus;ELAcep_Ce_L_MOD_NMB_2067
Cervidae;Elaphodus_cephalophus;ELAcep_Ce_R_MOD_NMB_2067_R
Cervidae;Elaphurus_davidianus;ELAdav_Ce_L_MOD_NHMBe_1022146
Cervidae;Eucladoceros_ctenoides;EUCcte_Ce_L_SEN_NMB_Se1464
Cervidae;Eucladoceros_ctenoides;EUcte_Ce_L_SEN_NMB_247
Cervidae;Eucladoceros_ctenoides;EUCcte_Ce_L_SEN_NMB_568
Cervidae;Eucladoceros_ctenoides;EUCcte_Ce_L_SEN_NMB_9
Cervidae;Eucladoceros_ctenoides;EUCcte_Ce_R_SEN_NMB_247_R
Cervidae;Eucladoceros_ctenoides;EUCcte_Ce_R_STV_NMB_StV885_R
Cervidae;Euprox_dicranocerus;Indet_CAP_NMB-Nonumber
Cervidae;Euprox_furcatus;EUPfur_Ce_R_STE_SMNS_5549_R
Bovidae;Gazella_brevicornis;GAZbre_Bo_L_POL_NMB_TO670
Bovidae;Gazella_dorcas;GAZdor_Bo_L_MOD_ZFMK_20160274_R
Bovidae;Gazella_dorcas;GAZdor_Bo_L_MOD_ZFMK_20160273_R
Bovidae;Gazella_sp;GAZsp_Bo_L_SAM_NHMBe_D8656
Giraffomorpha;Giraffa_camelopardalis;GIRcam_Gi_R_MOD_NMB_7958_R
Giraffomorpha;Helladotherium_duvernoyi;HELduv_Gi_L_SAM_NHMBe_D8654
Giraffomorpha;Helladotherium_duvernoyi;HELduv_Gi_L_SAM_NHMBe_D8657
Giraffomorpha;Helladotherium_duvernoyi;HELduv_Gi_R_PIC_NHMUK_PV_M_103381_R
Giraffomorpha;Helladotherium_duvernoyi;HELduv_Gi_R_PIK_NHMUK_PV_M_11387_R
Giraffomorpha;Helladotherium_duvernoyi;HELduv_Gi_R_SAM_NHMBe_D8653_R
Bovidae;Hemitragus_jemlahicus;HEMjem_Bo_L_MOD_NMB_5150
Cervidae;Heteroprox_larteti;HETlar_Ce_L_STE_SMNS_40404
Bovidae;Hippotragus_niger;HIPnig_Bo_R_MOD_ZFMK_2001_0154
Moschidae;Hispanomeryx_daamsi;HISdaa_Mo_L_TO3_MNCN_2006214
Moschidae;Hispanomeryx_daamsi;HISdaa_Mo_R_MA1_MNCN_233_R
Moschidae;Hispanomeryx_duriensis;HISdur_Mo_L_LVF_MNCN_B311136
Cervidae;Hydropotes_inermis;HYDine_Ce_R_MOD_NMB_2066_R
Tragulina;Hyemoschus_aquaticus;HYEaqu_Tr_L_MOD_NMB_1980
Tragulina;Hyemoschus_aquaticus;HYEaqu_Tr_L_MOD_SMNS_1842
Tragulina;Iberomeryx_minor;IBEmin_Tr_R_LVY_NMB_Nonumb_R_
Tragulina;Iberomeryx_minor;IBEmin_Tr_R_L_NMB_LVY_Nv14204F38_R
Moschidae;Moschidae_nov_gen_nov_sp;INDind_Mo_L_HAL_NMB_11
Moschidae;Moschidae_nov_gen_nov_sp;INDind_Mo_L_HAL_NMB_2
Moschidae;Moschidae_nov_gen_nov_sp;INDind_Mo_L_HAL_NMB_3_R
Moschidae;Moschidae_nov_gen_nov_sp;INDind_Mo_L_HAL_NMB_5
Moschidae;Moschidae_nov_gen_nov_sp;INDind_Mo_L_HAL_NMB_6
Moschidae;Moschidae_nov_gen_nov_sp;INDind_Mo_L_HAL_NMB_7
Moschidae;Moschidae_nov_gen_nov_sp;INDind_Mo_R_HAL_NMB_10_R
Bovidae;Kobus_leche;KOBlec_Bo_L_MOD_NMB_8815
Bovidae;Leptobos_elatus;LEPela_Bo_R_STV_NMB_StV221_R
Bovidae;Leptobos_etruscus;LEPetr_Bo_R_SEN_1476_R
Tragulina;Lophiomeryx_mouchelini;LOPmou_Tr_L_MUR_NMB_OV75
Bovidae;Madoqua_kirkii;MADkir_Bo_R_MOD_NHMBe_1022623
Bovidae;Maremmia_lorenzi;MARlor_Bo_L_POV2_NMB_BacSCM0737
Cervidae;Mazama_americana;MAZame_Ce_R_MOD_NMB_9262_R
Cervidae;Eucladoceros_ctenoides;EUCcte_Ce_R_SEN_NMB_1643_R
Cervidae;Megaloceros_giganteus;MEGgig_Ce_L_NMBe_nonumb
Cervidae;Megaloceros_giganteus;MEGgig_Ce_R_NMBe_nonumb_R
Cervidae;Metacervoceros_rhenanus;METrhe_Ce_L_SEN_NMB_1648
Cervidae;Metacervoceros_rhenanus;METrhe_Ce_R_SEN_NMB_470_R
Moschidae;Micromeryx_azanzae;MICaza_Mo_L_TO3_MNCN_2006497
Moschidae;Micromeryx_azanzae;MICaza_Mo_L_TO3_MNCN_TOR3B76CL
Moschidae;Micromeryx_azanzae;MICaza_Mo_R_TO3_MNCN_2006480_R
Moschidae;Micromeryx_azanzae;MICaza_Mo_R_TO3_MNCN_2006487_R
Moschidae;Micromeryx_eiselei;MICeis_Mo_L_STE_SMNS_40010
Moschidae;Micromeryx_eiselei;MICeis_Mo_L_STE_SMNS_40510_R
Moschidae;Micromeryx_flourensianus;MICflo_Mo_L_SAN_MNHN_3227
Moschidae;Micromeryx_flourensianus;MICflo_Mo_L_SAN_MNHN_3658
Moschidae;Micromeryx_flourensianus;MICflo_Mo_L_SAN_MNHN_3684
Moschidae;Micromeryx_flourensianus;MICflo_Mo_L_SAN_MNHN_3735
Moschidae;Micromeryx_flourensianus;MICflo_Mo_L_STE_NMB_1122_R
Moschidae;Micromeryx_flourensianus;MICflo_Mo_L_STE_SMNS_46113_R
Moschidae;Micromeryx_flourensianus;MICflo_Mo_R_LG7_LYON_568_R
Moschidae;Micromeryx_flourensianus;MICflo_Mo_R_LG7_LYON_570_R
Moschidae;Micromeryx_flourensianus;MICflo_Mo_R_STE_SMNS_46122
Moschidae;Micromeryx_flourensianus;MICflo_Mo_R_VXC_LYON_570568B_R
Moschidae;Micromeryx_flourensianus;MICflo_Mo_R_VXC_570568A
Bovidae;Miotragoceros_pannoniae;MIOpan_Bo_S_CHA_1631929
Bovidae;Miotragoceros_pannoniae;MIOpan_Bo_L_CHA_NMB_Cm1681929
Bovidae;Miotragoceros_pannoniae;MIOpan_Bo_L_CHA_NMB_Cm2501931
Tragulina;Moschiola_meminna;MOSmem_Tr_L_MOD_NMB_C1429
Tragulina;Moschiola_meminna;MOSmem_Tr_L_MOD_NMB_C1430
Tragulina;Moschiola_meminna;MOSmem_Tr_R_MOD-NMB-C2588-R
Moschidae;Moschus_moschiferus;MOSmos_Mo_L_MOD_NMB_5733
Moschidae;Moschus_moschiferus;MOSmos_Mo_L_MOD_ZFMK_97664
Moschidae;Moschus_moschiferus;MOSmos_Mo_L_MOD_ZFMK_97666
Cervidae;Muntiacus_muntjak;MUNmun_Ce_L_MOD_SMNS_1499b
Cervidae;Muntiacus_muntjak;MUNmun_Ce_L_MOD_NHMBe_1022142
Cervidae;Muntiacus_muntjak;MUNmun_Ce_R_MOD_SMNS_1499b_R
Bovidae;Nanger_dama;NANdam_Bo_L_MOD_ZFMK_19901564
Bovidae;Nesogoral_sp;NESsp_Bo_L_CSG_NMB_Tyl1268_R
Giraffomorpha;Okapia_johnstoni;OKAjoh_Gi_L_MOD_NMB_16329s
Giraffomorpha;Okapia_johnstoni;OKAjoh_Gi_R_MOD_NMB_16329d_R
Giraffomorpha;Okapia_johnstoni;OKAjoh_Gi_R_MOD_NHMBe_1023257_R
Bovidae;Oreamnos_montanus;OREmon_Bo_L_MOD_NMB_6259
Bovidae;Oreotragus_oreotragus;OREore_Bo_L_MOD_NMB_8402
Giraffomorpha;Oriomeryx_major;ORImaj_Gi_L_LAU_NMB_C9_23
Giraffomorpha;Oriomeryx_major;ORImaj_Gi_R_MGU_NMB_MA9103_1933_R
Bovidae;Oryx_beisa;ORYbei_Bo_L_MOD_NHMBe_1022837
Bovidae;Oryx_leucoryx;ORYleu_Bo_L_MOD_NMB_6405
Bovidae;Ovis_dalli;OVIdal_Bo_L_MOD_ZFMK_1968_108_R
Bovidae;Ovis_dalli;OVIdal_Bo_L_MOD_NHMBe_1023120
Bovidae;Ovibos_moschatus;OVImos_Bo_L_MOD_NHMMZ_W_1976_18
Bovidae;Ovis_orientalis;OVIori_Bo_L_MOD_ZFMK_83422
Bovidae;Ovis_orientalis;OVIori_Bo_R_MOD_ZFMK_1971336_R
Bovidae;Ovis_orientalis;OVIori_Bo_R_MOD_ZFMK_1983421_R
Giraffomorpha;Palaeomeryx_kaupi;PALboj_Pa_R_ART_NMB_S060_R
Bovidae;Palaeoryx_cordieri;PALcor_Bo_L_MTP_NMB_Mp4631931
Bovidae;Palaeoryx_cordieri;PALcor_Bo_R_MTP_NMB_Mp3471929_R
Giraffomorpha;Palaeomeryx_eminens;PALemi_Pa_L_STE_NMB_209
Giraffomorpha;Palaeomeryx_eminens;PALemi_Pa_R_STE_NMB_208_R
Giraffomorpha;Palaeomeryx_kaupi;PALkau_Pa_L_ART_NMB_SO5878
Giraffomorpha;Palaeomeryx_kaupi;PALkau_Pa_L_ART_NMB_SO5962
Giraffomorpha;Palaeomeryx_kaupi;PALkau_Pa_R_ART_NMB_6262_R
Giraffomorpha;Palaeotragus_rouenii;PALrou_Gi_S_SAM_MGL_106853
Cervidae;Praesinomegaceros_obscurus;PRA_Ce_R_VCH_NMB_3071909_R
Bovidae;Procapra_gutturosa;PROgut_Bo_L_MOD_NMB_10430
Cervidae;Procervulus_sp;PROsp_Ce_L_BRU_NHMBe_D3392
Cervidae;Procapreolus_loczyi;PROloc_Ce_L_CIV3_NMB_BacSCM0606
Cervidae;Rangifer_tarandus;RANtar_Ce_L_MOD_NMB_3589
Cervidae;Rangifer_tarandus;RANtar_Ce_L_MOD_NMB_3613
Cervidae;Rangifer_tarandus;RANtar_Ce_L_MOD_NMB_5459
Cervidae;Rangifer_tarandus;RANtar_Ce_L_MOD_NMB_8925
Bovidae;Rupicapra_rupicapra;RUPrup_Bo_L_MOD_ZFMK_19691020_R
Bovidae;Rusa_unicolor;RUSuni_Bo_L_MOD_NMB_10889
Bovidae;Saiga_tatarica;SAItat_Bo_L_MOD_NMB_3575
Bovidae;Saiga_tatarica;SAItat_Bo_L_MOD_ZFMK_2008098_R
Bovidae;Saiga_tatarica;SAItat_Bo_L_MOD_ZFMK_2011_025_R
Giraffomorpha;Samotherium_major;SAMmaj_Gi_R_MGL_82781_R
Giraffomorpha;Samotherium_major;SAMmaj_Gi_R_SAM_MGL_82805_R
Giraffomorpha;Samotherium_major;SAMmaj_Gi_R_SAM_NHMBe_5075_R
Giraffomorpha;Samotherium_major;SAMmaj_Gi_R_SAM_NHMBe_D8652_R
Giraffomorpha;Sivatherium_giganteum;SIVgig_Gi_L_SIW_NHMUK_PV_M_103384
Giraffomorpha;Sivatherium_giganteum;SIVgig_Gi_L_SIW_NHMUK_PV_OR_16663
Bovidae;Sylvicapra_grimmia;SYLgri_Bo_L_MOD_NMB_6638
Bovidae;Syncerus_caffer;SYNcaf_Bo_L_MOD_NMB_5460
Bovidae;Taurotragus_oryx;TAUory_Bo_L_MOD_NMB_5509
Bovidae;Tetracerus_quadricornis;TETqua_Bo_L_MOD_NMB_10364
Bovidae;Tetracerus_quadricornis;TETqua_Bo_R_MOD_NMB_10472_R
Bovidae;Tragelaphus_imberbis;TRAimb_Bo_L_MOD_ZFMK_1972_0368_R
Tragulina;Tragulus_javanicus;TRAjav_Tr_L_MOD_NMB_3002
Tragulina;Tragulus_kanchil;TRAkan_Tr_L_MOD_NMB_6131
Bovidae;Tragoceros_sp;TRAsp_Bo_L_POL_NMB_TO699
Bovidae;Tragelaphus_spekeii;TRAspe_Bo_L_MOD_MNB_6354
Bovidae;Tyrrhenotragus_gracilimus;TYR_Bo_L_BAC_NMB_BacSCM0671
Bovidae;Tyrrhenotragus_gracilimus;TYR_Bo_L_BAC_NMB_BacSCM0831
Bovidae;Turritragus_casteanensis;TYR_Bo_L_BAC_NMB_BacSCM1188
