Id;Habitat;RegScoreUnpooled;RegScorePooled
ADAnas_Bo_L_MOD_NMB_5462;O;0.012945747;0.014750685
AEPmel_Bo_L_MOD_NMB_10857;O;-0.022542597;-0.029530946
ALCalc_Ce_L_MOD_NMB_3530;C;0.015135753;0.015664711
AMMler_Bo_L_MOD_NMB_3608;M;0.011655551;0.01341654
ANTame_An_L_MOD_MHNBe_1021819;O;0.008680337;0.003697214
ANTcer_Bo_L_MOD_NMB_5358;E;0.00541783;-0.002796144
ANTmar_Bo_R_MOD_NMB_10853_R;O;0.007259713;0.00246453
AXIaxi_Ce_L_MOD_NMB_3718;E;0.006119443;0.001531873
BISbis_Bo_L_MOD_NMB_2156;O;0.032643189;0.034742741
BISbon_Bo_L_MOD_NHMBe_1014231;O;0.054347801;0.057697827
BUBdep_Bo_R_MOD_NMB_3001_R;C;0.026021652;0.028405387
CAPaeg_Bo_L_MOD_SMNS_38774;M;0.016713276;0.020247331
CAPcap_Ce_L_MOD_NMB_38183;E;-0.000131124;-0.005517588
CAPfal_Bo_R_MOD_NHMBe_1023027_R;M;0.027585057;0.035079358
CAPibe_Bo_L_MOD_NMB_3893;M;0.020872987;0.024422537
CAPsib_Bo_L_MOD_ZCMK_1983_131_R;M;-0.005322326;-0.004179913
CEPsyl_Bo_L_MOD_NMB_5862;E;-0.009017687;-0.006834769
CERela_Ce_L_MOD_NMB_3565;E;0.001901881;-0.0018833
CERnip_Ce_L_MOD_NMB_7732;E;0.015611894;0.01066752
CONgnu_Bo_L_MOD_NMB_5461;O;0.021866646;0.018232603
DAMdam_Ce_L_MOD_NHMBe_Nonumb;E;0.024862642;0.02039375
DAMpyg_Bo_R_MOD_SMNS_43153;O;0.014194363;0.006334913
ELAcep_Ce_L_MOD_NMB_2067;C;-0.014645921;-0.017191896
ELAdav_Ce_L_MOD_NHMBe_1022146;E;0.029906967;0.027915498
GAZdor_Bo_L_MOD_ZCMK_20160274_R;O;-0.013885151;-0.021424353
GIRcam_Gi_R_MOD_NMB_7958_R;E;0.088190899;0.089218755
HEMjem_Bo_L_MOD_NMB_5150;M;0.026595105;0.028134782
HIPnig_Bo_R_MOD_ZCMK_2001_0154;E;0.040460598;0.0347107
HYDine_Ce_R_MOD_NMB_2066_R;E;0.011159671;0.004006288
HYEaqu_Tr_L_MOD_NMB_1980;C;-0.050155262;-0.03962082
KOBlec_Bo_L_MOD_NMB_8815;E;-0.002758686;-0.007936609
MADkir_Bo_R_MOD_NHMBe_1022623;O;-0.064098853;-0.064615137
MAZame_Ce_R_MOD_NMB_9262_R;C;0.012499175;0.012674692
MOSmem_Tr_L_MOD_NMB_C1429;C;-0.089394087;-0.081662609
MOSmos_Mo_L_MOD_NMB_5733;M;-0.023670322;-0.025171949
MUNmun_Ce_L_MOD_SMNS_1499b;C;-0.01945831;-0.01896595
NANdam_Bo_L_MOD_ZCMK_19901564;O;-0.017912215;-0.017874034
OKAjoh_Gi_L_MOD_NMB_16329s;C;0.066733802;0.075987408
OREmon_Bo_L_MOD_NMB_6259;M;0.019375968;0.022837987
OREore_Bo_L_MOD_NMB_8402;M;-0.006994769;-0.005155247
ORYbei_Bo_L_MOD_NHMBe_1022837;E;0.018849703;0.020317152
ORYleu_Bo_L_MOD_NMB_6405;O;0.022580685;0.02312417
OVIdal_Bo_L_MOD_ZCMK_1968_108_R;M;-0.008710209;-0.007745397
OVImos_Bo_L_MOD_NHMMZ_W_1976_18;O;0.034423355;0.034364907
OVIori_Bo_L_MOD_ZCMK_83422;M;-0.007284254;-0.008754831
PROgut_Bo_L_MOD_NMB_10430;O;-0.018978146;-0.023713393
RANtar_Ce_L_MOD_NMB_3589;O;0.008809159;0.007702171
RUPrup_Bo_L_MOD_ZCMK_19691020_R;M;-0.013574212;-0.014785053
RUSuni_Bo_L_MOD_NMB_10889;C;-0.001058442;0.004556665
SAItat_Bo_L_MOD_NMB_3575;O;-0.008836779;-0.012469703
SYLgri_Bo_L_MOD_NMB_6638;E;-0.021800727;-0.024328522
SYNcaC_Bo_L_MOD_NMB_5460;E;0.048470714;0.052212231
TAUory_Bo_L_MOD_NMB_5509;E;0.054007495;0.056498757
TETqua_Bo_L_MOD_NMB_10364;E;-0.020115553;-0.020430353
TRAimb_Bo_L_MOD_ZCMK_1972_0368_R;E;-0.017483863;-0.01853633
TRAjav_Tr_L_MOD_NMB_3002;C;-0.084625494;-0.072095061
TRAkan_Tr_L_MOD_NMB_6131;C;-0.09999844;-0.089739909
TRAspe_Bo_L_MOD_MNB_6354;C;-0.003224094;0.001812093
