Bovidae;Addax_nasomaculatus;ADAnas_Bo_L_MOD_5462_
Bovidae;Aepyceros_melampus;AEPmel_Bo_L_MOD_NMB_10857
Cervidae;Alces_alces;ALCalc_Ce_L_MOD_3530_
Bovidae;Ammotragus_lervia;AMMler_Bo_L_MOD_NMB_3608_
Pecora;Antilocapra_americana;ANTame_An_L_MOD_MHNBe_1021819_
Pecora;Antilocapra_americana;ANTame_An_R_MOD_MAPH_05_2_R_
Bovidae;Antilope_cervicapra;ANTcer_Bo_L_MOD_NMB_5358
Bovidae;Antidorcas_marsupialis;ANTmar_Bo_R_MOD_NMB_10853_R
Cervidae;Axis_axis;AXIaxi_Ce_L_MOD_3718_
Cervidae;Axis_axis;AXIaxi_Ce_L_MOD_7956_
Bovidae;Bison_bison;BISbis_Bo_L_MOD_2156_
Bovidae;Bison_bonasus;BISbon_Bo_L_MOD_NHMBe_1014231_
Bovidae;Bubalus_depressicornis;BUBdep_Bo_R_MOD_3001_R_
Bovidae;Capra_aegagrus;CAPaeg_Bo_L_MOD_38774_1499_
Bovidae;Capra_aegagrus;CAPaeg_Bo_R_MOD_SMNS_39746_R_
Cervidae;Capreolus_capreolus;CAPcap_Ce_L_MOD_46277_38185_38183_rec4_
Cervidae;Capreolus_capreolus;CAPcap_Ce_R_MOD_46277_38185_38183rec3_R_
Bovidae;Capra_falconeri;CAPfal_Bo_R_MOD_NHMBe_1023027_R_
Bovidae;Capra_ibex;CAPibe_Bo_L_MOD_NMB_3893_
Bovidae;Capra_ibex;CAPibe_Bo_R_MOD_NMB_3595_R_
Bovidae;Capra_sibirica;CAPsib_Bo_L_MOD_1983131_R_
Bovidae;Capra_sibirica;CAPsib_Bo_L_MOD_ZFMK_1957201_R_
Bovidae;Cephalophus_sylvicultor;CEPsyl_Bo_L_MOD_5862_
Cervidae;Cervus_elaphus;CERela_Ce_L_MOD_3565_
Cervidae;Cervus_elaphus;CERela_Ce_L_MOD_NMB_5350_
Cervidae;Cervus_elaphus;CERela_Ce_R_MOD_3565_R_
Cervidae;Cervus_nippon;CERnip_Ce_L_MOD_7732_
Bovidae;Connochaetes_gnu;CONgnu_Bo_L_MOD_5461_
Cervidae;Dama_dama;DAMdam_Ce_L_MOD_NHMBe_Nonumb_
Bovidae;Damaliscus_pygargus;DAMpyg_Bo_R_MOD_43153rec3_
Cervidae;Elaphodus_cephalophus;ELAcep_Ce_L_MOD_2067_
Cervidae;Elaphodus_cephalophus;ELAcep_Ce_R_MOD_2067_
Cervidae;Elaphurus_davidianus;ELAdav_Ce_L_MOD_NHMBe_1022146_
Bovidae;Gazella_dorcas;GAZdor_Bo_L_MOD_ZFMK_20160274_R_
Bovidae;Gazella_dorcas;GAZdor_Bo_R_MOD_ZFMK_1994289_R_
Giraffomorpha;Giraffa_camelopardalis;GIRcam_Gi_R_MOD_7958_R_
Bovidae;Hemitragus_jemlahicus;HEMjem_Bo_L_MOD_5150_
Bovidae;Hippotragus_niger;HIPnig_Bo_R_MOD_20010154_
Cervidae;Hydropotes_inermis;HYDine_Ce_R_MOD_2066_R_
Tragulina;Hyemoschus_aquaticus;HYEaqu_Tr_L_MOD_1980_
Tragulina;Hyemoschus_aquaticus;HYEaqu_Tr_L_MOD_SMNS_1842_
Bovidae;Kobus_leche;KOBlec_Bo_L_MOD_NMB_8815
Bovidae;Madoqua_kirkii;MADkir_Bo_R_MOD_NHMBe_1022623_
Cervidae;Mazama_americana;MAZame_Ce_R_MOD_NMB_9262_R
Tragulina;Moschiola_meminna;MOSmem_Tr_L_MOD_NMB_C1429
Tragulina;Moschiola_meminna;MOSmem_Tr_L_MOD_NMB_C1430
Tragulina;Moschiola_meminna;MOSmem_Tr_R_MOD_NMB_C2588_R
Moschidae;Moschus_moschiferus;MOSmos_Mo_L_MOD_5733_
Moschidae;Moschus_moschiferus;MOSmos_Mo_L_MOD_97664_
Moschidae;Moschus_moschiferus;MOSmos_Mo_L_MOD_97666_
Cervidae;Muntiacus_muntjak;MUNmun_Ce_L_MOD_38774_1499_rec3_
Cervidae;Muntiacus_muntjak;MUNmun_Ce_L_MOD_NHMBe_1022142_
Cervidae;Muntiacus_muntjak;MUNmun_Ce_R_MOD_3877411499rec2_R_
Bovidae;Nanger_dama;NANdam_Bo_L_MOD_ZFMK_19901564_
Giraffomorpha;Okapia_johnstoni;OKAjoh_Gi_L_MOD_16329s_
Giraffomorpha;Okapia_johnstoni;OKAjoh_Gi_R_MOD_16329d_R_
Giraffomorpha;Okapia_johnstoni;OKAjoh_Gi_R_MOD_NHMBe_1023257_R_
Bovidae;Oreamnos_montanus;OREmon_Bo_L_MOD_6259_
Bovidae;Oreotragus_oreotragus;OREore_Bo_L_MOD_8402_
Bovidae;Oryx_beisa;ORYbei_Bo_L_MOD_NHMBe_1022837_
Bovidae;Oryx_leucoryx;ORYleu_Bo_L_MOD_6405_
Bovidae;Ovis_dalli;OVIdal_Bo_L_MOD_1957201_1968108_rec00000080_R_
Bovidae;Ovis_dalli;OVIdal_Bo_L_MOD_NHMBe_1023120_
Bovidae;Ovibos_moschatus;OVImos_Bo_L_MOD_NHMMZ_W_197618_
Bovidae;Ovis_orientalis;OVIori_Bo_L_MOD_ZFMK_83422_
Bovidae;Ovis_orientalis;OVIori_Bo_R_MOD_ZFMK_1971336_R_
Bovidae;Ovis_orientalis;OVIori_Bo_R_MOD_ZFMK_19833421_R_
Bovidae;Procapra_gutturosa;PROgut_Bo_L_MOD_10430
Cervidae;Rangifer_tarandus;RANtar_Ce_L_MOD_3589_
Cervidae;Rangifer_tarandus;RANtar_Ce_L_MOD_3613_
Cervidae;Rangifer_tarandus;RANtar_Ce_L_MOD_5459_
Cervidae;Rangifer_tarandus;RANtar_Ce_L_MOD_8925_
Bovidae;Rupicapra_rupicapra;RUPrup_Bo_L_MOD_ZFMK_19691020_R_
Bovidae;Rusa_unicolor;RUSuni_Bo_L_MOD_NMB_10889
Bovidae;Saiga_tatarica;SAItat_Bo_L_MOD_NMB_3575_
Bovidae;Saiga_tatarica;SAItat_Bo_L_MOD_ZFMK_2008098_R_
Bovidae;Saiga_tatarica;SAItat_Bo_L_MOD_ZFMK_2022025_R_
Bovidae;Sylvicapra_grimmia;SYLgri_Bo_L_MOD_NMB_6638_
Bovidae;Syncerus_caffer;SYNcaf_Bo_L_MOD_NMB_5460_
Bovidae;Taurotragus_oryx;TAUory_Bo_L_MOD_NMB_5509_
Bovidae;Tetracerus_quadricornis;TETqua_Bo_L_MOD_NMB_10364
Bovidae;Tetracerus_quadricornis;TETqua_Bo_R_MOD_NMB_10472_R
Bovidae;Tragelaphus_imberbis;TRAimb_Bo_L_MOD_ZFMK_19720368_R_
Tragulina;Tragulus_javanicus;TRAjav_Tr_L_MOD_NMB_3002
Tragulina;Tragulus_kanchil;TRAkan_Tr_L_MOD_NMB_6131
Bovidae;Tragelaphus_spekeii;TRAspe_Bo_L_MOD_MNM_6354_
